Track ID,Camera,Vehicle Type,Plate,OCR Confidence,Status,Reason,First Seen,Last Seen,Vehicle Snapshot,Plate Snapshot
1,VIDEO-E76C8B638D,car,GK09BJE,0.858,NORMAL,,2026-09-05 12:01:06.819476,2026-09-05 12:02:02.767906,snapshots/vehicles/car_1_20260905_120106_819484.jpg,snapshots/plates/GK09BJE_1_20260905_120141_032949.jpg
2,VIDEO-E76C8B638D,bus,NO PLATE DATA,0.000,NORMAL,,2026-09-05 12:01:07.214430,2026-09-05 12:01:19.690114,snapshots/vehicles/bus_2_20260905_120107_214438.jpg,
3,VIDEO-E76C8B638D,car,NO PLATE DATA,0.000,NORMAL,,2026-09-05 12:01:07.450890,2026-09-05 12:01:49.667197,snapshots/vehicles/car_3_20260905_120107_450898.jpg,
4,VIDEO-E76C8B638D,motorcycle,NO PLATE DATA,0.000,NORMAL,,2026-09-05 12:01:07.479953,2026-09-05 12:02:08.748884,snapshots/vehicles/motorcycle_4_20260905_120107_479961.jpg,
5,VIDEO-E76C8B638D,bus,NO PLATE DATA,0.000,NORMAL,,2026-09-05 12:01:08.075527,2026-09-05 12:01:16.756839,snapshots/vehicles/bus_5_20260905_120108_075530.jpg,
6,VIDEO-E76C8B638D,car,NO PLATE DATA,0.000,NORMAL,,2026-09-05 12:01:07.510896,2026-09-05 12:01:41.476063,snapshots/vehicles/car_6_20260905_120107_510903.jpg,
7,VIDEO-E76C8B638D,car,NO PLATE DATA,0.000,NORMAL,,2026-09-05 12:01:11.543154,2026-09-05 12:02:27.172814,snapshots/vehicles/car_7_20260905_120111_543159.jpg,
8,VIDEO-E76C8B638D,bus,NO PLATE DATA,0.000,NORMAL,,2026-09-05 12:01:41.426202,2026-09-05 12:03:55.080029,snapshots/vehicles/truck_8_20260905_120141_426210.jpg,
9,VIDEO-E76C8B638D,car,NO PLATE DATA,0.000,NORMAL,,2026-09-05 12:01:45.502080,2026-09-05 12:01:59.741591,snapshots/vehicles/car_9_20260905_120145_502083.jpg,
10,VIDEO-E76C8B638D,bus,NO PLATE DATA,0.000,NORMAL,,2026-09-05 12:01:54.007113,2026-09-05 12:02:08.391803,snapshots/vehicles/bus_10_20260905_120154_007118.jpg,
11,VIDEO-E76C8B638D,bus,NO PLATE DATA,0.000,NORMAL,,2026-09-05 12:01:57.011878,2026-09-05 12:02:09.435843,snapshots/vehicles/bus_11_20260905_120157_011881.jpg,
14,VIDEO-E76C8B638D,car,NO PLATE DATA,0.000,NORMAL,,2026-09-05 12:02:02.808033,2026-09-05 12:02:05.034275,snapshots/vehicles/car_14_20260905_120202_808036.jpg,
16,VIDEO-E76C8B638D,motorcycle,NO PLATE DATA,0.000,NORMAL,,2026-09-05 12:02:10.581725,2026-09-05 12:02:30.199821,snapshots/vehicles/motorcycle_16_20260905_120210_581728.jpg,
17,VIDEO-E76C8B638D,bus,NO PLATE DATA,0.000,NORMAL,,2026-09-05 12:02:11.087644,2026-09-05 12:03:55.082062,snapshots/vehicles/bus_17_20260905_120211_087648.jpg,
19,VIDEO-E76C8B638D,car,NO PLATE DATA,0.000,NORMAL,,2026-09-05 12:02:11.628379,2026-09-05 12:02:16.751580,snapshots/vehicles/car_19_20260905_120211_628382.jpg,
20,VIDEO-E76C8B638D,car,NO PLATE DATA,0.000,NORMAL,,2026-09-05 12:02:20.801934,2026-09-05 12:02:33.829839,snapshots/vehicles/car_20_20260905_120220_801937.jpg,
21,VIDEO-E76C8B638D,car,NO PLATE DATA,0.000,NORMAL,,2026-09-05 12:02:27.033390,2026-09-05 12:02:55.697896,snapshots/vehicles/car_21_20260905_120227_033394.jpg,
23,VIDEO-E76C8B638D,car,NO PLATE DATA,0.000,NORMAL,,2026-09-05 12:02:34.051058,2026-09-05 12:02:56.041628,snapshots/vehicles/car_23_20260905_120234_051060.jpg,
24,VIDEO-E76C8B638D,car,NO PLATE DATA,0.000,NORMAL,,2026-09-05 12:02:36.704924,2026-09-05 12:03:55.081051,snapshots/vehicles/car_24_20260905_120236_704928.jpg,
27,VIDEO-E76C8B638D,car,NO PLATE DATA,0.000,NORMAL,,2026-09-05 12:03:02.112363,2026-09-05 12:03:06.202099,snapshots/vehicles/car_27_20260905_120302_112370.jpg,
28,VIDEO-E76C8B638D,car,NO PLATE DATA,0.000,NORMAL,,2026-09-05 12:03:03.961494,2026-09-05 12:03:55.078991,snapshots/vehicles/car_28_20260905_120303_961500.jpg,
29,VIDEO-E76C8B638D,car,NO PLATE DATA,0.000,NORMAL,,2026-09-05 12:03:10.302535,2026-09-05 12:03:55.077939,snapshots/vehicles/car_29_20260905_120310_302542.jpg,
31,VIDEO-E76C8B638D,truck,NO PLATE DATA,0.000,NORMAL,,2026-09-05 12:03:12.736748,2026-09-05 12:03:12.736748,snapshots/vehicles/truck_31_20260905_120312_736755.jpg,
